Mark Gray <mark@fsharp.tv> @MarkRGray
Brice Fernandes <brice@fsharp.tv> @fractallambda
Jeff Heon <jfheon@gmail.com> @jeffheon
Pierre Irrmann <pierre.irrmann@gmail.com> @pirrmann
john kennerley <john.kennerley@gmail.com> @jkennerley https://github.com/jkennerley
Mickael Metesreau <mickael.metesreau@gmail.com> @MiKaDo_O
Víctor Manuel Salgado González <cienciaccesible@gmail.com> @CienciAccesible
Bob Morrison <bob.morrison@imperial.nhs.uk> @BobM42
julian hatwell @julianhatwell
Gerardo Arevalo @zdwsnyc
Rajko Winkler @rwi
Diner Ismail @DinerIsmail
Mike Janger <inchingforward@gmail.com> @inchingfwd
Andre Dublin <81dublin@gmail.com> @AndreDublin
Enos Recanati <enos.recanati@gmail.com> @enosrecanati
Mark Bennette <silent_minority@ausi.com>
Narongrit Sakulchapornlerts @nJakajee
Musa Jahanghir <musa.jahanghir@Live.com>
Ron Cothren <rcothren@gmail.com>
Jorge Chacon	<globales1@hotmail.com> @windpeoples
Christian Perez < @bornagainfatkid > F#!
J.D. Williams <jdwill917@gmail.com>
Delmer Johnson @DelmerJohnson
PetarR <fakemail@gmail.com>
ajaxuk <ajaxukuk@yahoo.co.uk>
EngineerSpock <engineerspock@outlook.com> @EngineerSpock
Emmanuel Chevallier <emmanuel@apy.care>
S. Lake <SnLake@users.noreply.github.com>
S. Posselt <fakemail2@gmail.com>
JWiner <jwiner01@gmail.com>
kwhitefoot <kwhitefoot@hotmail.com>
Ralph S. Mouse <whomovedmycheese@gmail.com>
Change T. Credit <change.t@credit.com> @changeTC
Vinod <Vinod@Ftv.com>
pataphysicien <pataphysicien@hotmail.com> @patacesseur
nic white @nicwhite
Aleksey Cherenkov <aleksey.cherenkov@outlook.com>
OkilyDokily https://github.com/OkilyDokily